{
    "name": "chatroom",
    "roles": [
        "chatroom"
    ],
    "lookups": [
        "keywords"
    ],
    "keywords": [
        {
            "keyword": "Babcock Banter",
            "synonyms": [
                "Babcock Banter",
                "babcock"
            ]
        },
        {
            "keyword": "Bascom Hill Hangout",
            "synonyms": [
                "Bascom Hill Hangout",
                "bascom hill"
            ]
        },
        {
            "keyword": "Chadbourne Chats",
            "synonyms": [
                "Chadbourne Chats",
                "chad",
                "chadbourne"
            ]
        },
        {
            "keyword": "Humanities Hubbub",
            "synonyms": [
                "Humanities Hubbub",
                "humanities"
            ]
        },
        {
            "keyword": "Memorial Union Meetups",
            "synonyms": [
                "Memorial Union Meetups",
                "memorial union"
            ]
        },
        {
            "keyword": "Red Gym Rendezvous",
            "synonyms": [
                "Red Gym Rendezvous",
                "red gym"
            ]
        },
        {
            "keyword": "Witte Whispers",
            "synonyms": [
                "Witte Whispers",
                "witte"
            ]
        }
    ]
}
